date,temperature,humidity,windspeed,count
2011-01-03,2.716069662931224,45.715345912596405,21.414956510619877,120.0
2011-01-04,2.8966732970082774,54.267219023136256,15.136881890530196,108.0
2011-01-05,4.23565354008174,45.69770190231361,17.034577653575038,82.0
2011-01-06,3.1126426592104286,50.23734940874036,10.091567671737069,88.0
2011-01-07,2.7239176756331425,49.14492832904885,15.738204070746255,148.0
2011-01-08,1.967445413316817,48.85125233933164,17.03502941796508,112.33333333333334
2011-01-09,1.2109731510004924,48.55757634961441,18.331854765183905,76.66666666666667
2011-01-10,0.4545008886841675,48.263900359897185,19.628680112402733,41.0
2011-01-11,1.3613933944539252,59.62346035989719,12.414597230297014,43.0
2011-01-12,1.5419970285309768,54.775880205655525,25.43218812929225,25.0
2011-01-13,1.1581894706340066,47.56595691516709,25.17346979623845,38.0
2011-01-14,0.9530483791218424,51.32977048843188,12.729595895520518,54.0
2011-01-15,1.645921108123308,55.85022455012854,13.090300039625804,42.75
2011-01-16,2.338793837124774,60.37067861182518,13.451004183731092,31.5
2011-01-17,3.03166656612624,64.89113267352184,13.811708327836374,20.25
2011-01-18,3.7245392951277054,69.41158673521849,14.172412471941662,9.0
2011-01-19,7.475044960214621,62.71534982005142,18.56227838117734,78.0
2011-01-20,5.9597327861803375,51.35807907455013,17.676843953772593,83.0
2011-01-21,1.7790765514819586,46.821446683804616,28.89995536431049,75.0
2011-01-22,0.4527177009879724,47.466458097686356,24.265518480551194,78.66666666666667
2011-01-23,-0.8736411495060139,48.11146951156811,19.63108159679189,82.33333333333333
2011-01-24,-2.2,48.75648092544986,14.996644713032596,86.0
2011-01-25,4.062848247740138,55.74808750642673,12.961279696391426,186.0
2011-01-26,3.7659152101954128,69.45809768637532,24.663451576956724,34.0
2011-01-27,2.6483184646690954,59.68688946015425,11.822904764710753,15.0
2011-01-28,3.0694289183834105,65.57993305912596,12.49791209464961,38.0
2011-01-29,2.694495906495359,62.05684483290489,14.01707685298747,39.333333333333336
2011-01-30,2.319562894607308,58.533756606683795,15.536241611325329,40.66666666666666
2011-01-31,1.9446298827192567,55.010668380462725,17.05540636966319,42.0
2011-02-01,2.5079483134309903,67.61915629820051,7.498520914957679,47.0
2011-02-02,5.876931285078458,64.59577696658097,22.55618469107976,72.0
2011-02-03,2.248814881368288,45.74622293059128,23.515161605768327,61.0
2011-02-04,3.4581539019606966,53.97586951156812,12.821684499869145,88.0
2011-02-05,4.457583418260032,56.8256377377892,10.861723715340245,98.66666666666669
2011-02-06,5.4570129345593665,59.67540596401029,8.901762930811342,109.33333333333331
2011-02-07,6.456442450858702,62.52517419023137,6.94180214628244,120.0
2011-02-08,3.9314685414327113,51.334851516709506,29.52110762354197,64.0
2011-02-09,-0.3427181231246053,48.926444113110534,17.172888888146687,53.0
2011-02-10,0.1323846711402501,45.721934498714646,19.53366692805543,47.0
2011-02-11,2.3548127238106518,49.57307475578406,11.445776607320207,149.0
2011-02-12,6.09518551173813,47.14365460154242,18.801404405947324,168.66666666666666
2011-02-13,9.835558299665607,44.714234447300775,26.157032204574442,188.33333333333331
2011-02-14,13.575931087593085,42.284814293059135,33.51266000320156,208.0
2011-02-15,6.179278457968178,38.851770077120825,24.486835477524338,140.0
2011-02-16,8.770811462461069,44.94509552699229,21.6633318168491,218.0
2011-02-17,14.610726332017519,49.49691516709511,20.116371659987216,259.0
2011-02-18,18.874184067817787,50.14834766066839,22.60019605349889,579.0
2011-02-19,14.659043764649107,51.00138809768639,21.365416978691048,452.75
2011-02-20,10.443903461480431,51.85442853470438,20.1306379038832,326.5
2011-02-21,6.228763158311758,52.707468971722356,18.89585882907536,200.25
2011-02-22,2.013622855143081,53.56050940874036,17.661079754267522,74.0
2011-02-23,3.9764704370525688,44.920807095115684,10.415967791688027,139.0
2011-02-24,7.647800581589759,60.239158149100255,21.570957887622555,100.0
2011-02-25,11.059997294064242,61.06457398457582,28.42182220013632,120.0
2011-02-26,11.770706039274867,64.120449562982,27.070024259771603,107.0
2011-02-27,12.481414784485487,67.17632514138816,25.71822631940689,94.0
2011-02-28,13.192123529696113,70.23220071979433,24.366428379042173,81.0
2011-03-01,6.208087618519522,51.1719794344473,19.14063190872085,137.0
2011-03-02,9.602253770166184,46.402680616966585,25.660876018944997,231.0
2011-03-03,2.813871795906394,39.07427444730077,19.806080855249395,123.0
2011-03-04,5.9597327861803375,55.38292349614396,18.207690889142466,214.0
2011-03-05,5.9609248893755655,54.28272267352185,21.48906964765957,224.0
2011-03-06,5.9621169925707935,53.18252185089975,24.770448406176673,234.0
2011-03-07,5.963309095766022,52.08232102827763,28.05182716469377,244.0
2011-03-08,7.491237695283138,44.79741069408741,12.308884363027715,316.0
2011-03-09,7.656791026520437,64.59577696658097,19.4063407012837,191.0
2011-03-10,12.289006017377913,21.3,22.382778496523976,46.0
2011-03-11,8.684433651773501,57.56877069408741,20.320806935016783,247.0
2011-03-12,8.828396669586114,54.72845727506428,18.037161720439038,284.3333333333333
2011-03-13,8.972359687398724,51.88814385604113,15.753516505861286,321.6666666666667
2011-03-14,9.116322705211338,49.04783043701799,13.469871291283539,359.0
2011-03-15,8.72759772163405,57.908641233933174,16.849758463902468,289.0
2011-03-16,11.103161363924787,64.65747516709511,18.191356039881548,321.0
2011-03-17,13.575931087593085,54.96415742930593,18.652298380161046,424.0
2011-03-18,19.78480189607263,50.625740976863746,20.181497063372426,884.0
2011-03-19,17.970735415723137,54.57468637532133,21.555003471532206,723.0
2011-03-20,16.156668935373638,58.523631773778924,22.928509879691987,562.0
2011-03-21,14.34260245502414,62.4725771722365,24.302016287851767,401.0
2011-03-22,14.900506750390875,56.173888843187655,19.80579553037148,460.0
2011-03-23,10.196169516222099,68.17751105398456,20.412895539365405,203.0
2011-03-24,7.118705446774364,66.29406879177378,21.092396736131505,166.0
2011-03-25,6.08391020234993,48.938560411311066,20.160668347284275,300.0
2011-03-26,6.0869070173268245,45.34971660668382,19.720293175288166,274.0
2011-03-27,6.089903832303718,41.76087280205657,19.27991800329205,248.0
2011-03-28,6.092900647280611,38.172028997429315,18.83954283129594,222.0
2011-03-29,7.987947359961499,38.84166385604114,19.894674229843506,317.0
2011-03-30,7.863769943791906,57.40695948586118,16.035084606221847,168.0
2011-03-31,6.290839448654936,72.57555979434447,19.22772732770588,179.0
2011-04-01,7.863769943791906,59.61709511568124,22.156729861991984,307.0
2011-04-02,12.389341369642944,54.77802056555271,25.173160694287358,449.33333333333337
2011-04-03,16.914912795493976,49.93894601542417,28.18959152658273,591.6666666666667
2011-04-04,21.440484221345013,45.09987146529564,31.2060223588781,734.0
2011-04-05,13.534555172525382,57.15100966580978,31.384065082700076,167.0
2011-04-06,12.375532840964885,47.589184473007705,22.4673773228272,413.0
2011-04-07,14.693527833119404,54.96415742930593,15.280685629001795,571.0
2011-04-08,9.643629685233886,67.99241645244216,19.894388904965588,172.0
2011-04-09,13.945449964136143,65.77213737789204,22.212225550747394,399.6666666666666
2011-04-10,18.2472702430384,63.5518583033419,24.5300621965292,627.3333333333333
2011-04-11,22.549090521940656,61.33157922879178,26.84789884231101,855.0
2011-04-12,17.92214065352876,62.571740976863744,23.31022701220241,257.0
2011-04-13,13.451753671423493,67.03857902313625,21.579588965179628,209.0
2011-04-14,16.183656827154493,51.474440205655526,11.59913872920212,529.0
2011-04-15,16.74245519991765,51.50351652956299,12.541905624263876,564.0
2011-04-16,17.30125357268081,51.53259285347045,13.484672519325633,599.0
2011-04-17,17.860051945443967,51.5616691773779,14.427439414387386,634.0
2011-04-18,18.418850318207127,51.59074550128536,15.370206309449143,669.0
2011-04-19,18.087693984766066,58.47710221079692,14.971036805239287,409.0
2011-04-20,22.516705051803626,55.59230652956299,20.95957800545982,613.0
2011-04-21,15.769748663578017,44.02967290488432,26.90382251838329,745.0
2011-04-22,9.685055271268062,62.03661377892032,19.361473364230804,177.0
2011-04-23,14.15544225337333,62.9129329562982,18.548582787037184,375.6666666666666
2011-04-24,18.6258292354786,63.789252133676094,17.735692209843567,574.3333333333333
2011-04-25,23.09621621758387,64.66557131105397,16.922801632649946,773.0
2011-04-26,24.337990379279777,62.013386221079685,26.992415892977405,678.0
2011-04-27,23.75847921349953,67.94590550128534,25.972379454413986,547.0
2011-04-28,23.63430179732995,60.431343856041146,26.59353171364547,569.0
2011-04-29,18.294672902037536,46.821446683804616,20.82675927478813,878.0
2011-04-30,18.943160483252786,51.90093017994858,19.480762940274452,867.6666666666665
2011-05-01,19.591648064468032,56.98041367609254,18.13476660576078,857.3333333333335
2011-05-02,20.24013564568328,62.0598971722365,16.788770271247106,847.0
2011-05-03,23.59292588226223,60.22196082262211,28.145627718309914,603.0
2011-05-04,13.534555172525382,62.45537984575837,27.170458616799394,255.0
2011-05-05,15.769748663578017,46.10027568123393,24.77344431739482,614.0
2011-05-06,16.76316799293474,54.24293059125964,19.98383825419345,894.0
2011-05-07,17.64620187781111,54.219665809768635,18.741581289876798,817.3333333333335
2011-05-08,18.52923576268748,54.196401028277634,17.499324325560142,740.6666666666665
2011-05-09,19.41226964756385,54.17313624678663,16.257067361243482,664.0
2011-05-10,19.41226964756385,48.612872082262214,11.953726221237,694.0
2011-05-11,19.90897931224221,56.639221696658105,12.308313713271875,550.0
2011-05-12,19.536447063733448,63.037017994858616,17.23195113787609,695.0
2011-05-13,18.418850318207127,69.50460863753213,16.52277615380633,692.0
2011-05-14,19.495054591676915,68.10097922879177,15.266062729008404,719.0
2011-05-15,20.571258865146703,66.6973498200514,14.009349304210472,746.0
2011-05-16,21.64746313861649,65.29372041131106,12.752635879412544,773.0
2011-05-17,20.86102272653124,68.08549419023136,23.48677178041531,678.0
2011-05-18,20.281511560750992,69.87686375321337,18.075442808226615,536.0
2011-05-19,19.32946814646197,67.62016133676092,11.421737986355462,735.0
2011-05-20,19.619248564835328,61.47825902313625,12.620102473618786,909.0
2011-05-21,21.19216250298348,63.16108442159385,15.20773756854696,884.6666666666665
2011-05-22,22.765076441131626,64.84390982005142,17.79537266347513,860.3333333333335
2011-05-23,24.337990379279777,66.526735218509,20.383007758403302,836.0
2011-05-24,25.745317872212983,62.66476287917738,18.474897637314392,659.0
2011-05-25,25.786693787280694,60.175449871465304,14.704400706823199,740.0
2011-05-26,28.146064694502915,59.12853470437018,17.943480052188683,758.0
2011-05-27,26.82153870267159,57.80244215938304,20.870699305987788,871.0
2011-05-28,27.980523781007232,57.56398280205656,18.564025996054596,821.5
2011-05-29,29.139508859342875,57.32552344473008,16.2573526861214,772.0
2011-05-30,30.29849393767852,57.087064087403604,13.950679376188205,722.5
2011-05-31,31.457479016014165,56.84860473007711,11.644006066255011,673.0
2011-06-01,30.91939343626809,59.10525131105399,18.474897637314392,513.0
2011-06-02,28.47722102794398,38.32982005141388,24.55196088090955,736.0
2011-06-03,23.75847921349953,41.07508287917739,21.75820233875745,898.0
2011-06-04,24.72429804248896,45.65048370179949,18.63805591333821,823.0
2011-06-05,25.690116871478395,50.22588452442161,15.51790948791898,748.0
2011-06-06,26.655935700467825,54.8012853470437,12.397763062499745,673.0
2011-06-07,28.10468877943521,54.68498005141389,17.099346400862846,763.0
2011-06-08,31.498854931081876,56.03430015424165,13.462096188360224,676.0
2011-06-09,33.11316134128654,53.033143341902324,14.394109902085376,563.0
2011-06-10,30.464059686657443,55.08046272493572,13.728660955556832,815.0
2011-06-11,28.477221027943987,53.025400822622096,17.647027504029978,831.0
2011-06-12,26.49038236923053,50.97033892030848,21.565394052503123,847.0
2011-06-13,24.50354371051708,48.91527701799485,25.48376060097626,863.0
2011-06-14,22.97203880141428,49.61322046272493,22.91105750799256,727.0
2011-06-15,24.089635546940595,47.6357512596401,15.680140458089568,769.0
2011-06-16,24.17238737707601,59.733400411311045,18.43060095001733,545.0
2011-06-17,25.20723229246693,62.38558550128536,13.90520572376973,863.0
2011-06-18,24.97266943181698,62.579464884318774,14.201135176318926,808.3333333333335
2011-06-19,24.73810657116703,62.77334426735219,14.497064628868117,753.6666666666665
2011-06-20,24.50354371051708,62.967223650385606,14.792994081417312,699.0
2011-06-21,26.78011311663742,64.31659958868893,15.902194544330685,774.0
2011-06-22,29.387838856198826,60.803598971722366,15.990431262827391,661.0
2011-06-23,29.139484023859648,60.570932544987144,20.736953269462866,746.0
2011-06-24,28.93255477755464,53.31232071979434,19.540086737808625,969.0
2011-06-25,28.242674724282864,54.89432586118253,16.819109816599244,930.6666666666665
2011-06-26,27.552794671011085,56.476331002570674,14.098132895389865,892.3333333333335
2011-06-27,26.86291461773931,58.058336143958854,11.377155974180484,854.0
2011-06-28,29.925974106911365,56.70901604113111,13.994655072997599,732.0
2011-06-29,29.139484023859648,49.101432493573256,22.378783948233103,848.0
2011-06-30,27.566603199689144,45.54192092544986,16.921303677040868,1027.0
2011-07-01,28.84975327645276,43.42480719794344,11.021926501170283,1246.0
2011-07-02,29.14985283810981,46.13515889460154,11.443672336345545,1192.25
2011-07-03,29.44995239976685,48.84551059125963,11.865418171520805,1138.5
2011-07-04,29.750051961423896,51.555862287917726,12.28716400669607,1084.75
2011-07-05,30.05015152308095,54.26621398457583,12.708909841871328,1031.0
2011-07-06,28.72557586028316,62.80435156812339,14.394109902085376,784.0
2011-07-07,30.21570485431825,57.662853470437014,15.05870287398016,754.0
2011-07-08,28.18749028053709,63.61865614395885,19.761498843074413,692.0
2011-07-09,29.070524165413467,61.34645007712082,21.121737644410924,702.3333333333335
2011-07-10,29.95355805028984,59.074244010282776,22.481976445747442,712.6666666666665
2011-07-11,30.83659193516621,56.80203794344473,23.84221524708395,723.0
2011-07-12,32.409522430303184,52.52135537275065,17.98713475851042,662.0
2011-07-13,30.05015152308095,56.56942735218511,14.126617829035528,748.0
2011-07-14,26.78011311663742,47.89164524421594,20.86984333135403,888.0
2011-07-15,25.91087120345028,54.31272493573265,16.744473583950047,1318.0
2011-07-16,27.290631309993838,55.42943444730078,17.528427463107963,1159.0
2011-07-17,28.670391416537388,56.546143958868896,18.312381342265887,1000.0
2011-07-18,30.05015152308095,57.662853470437014,19.0963352214238,841.0
2011-07-19,31.54028051711604,57.61634251928022,13.018629996853313,752.0
2011-07-20,31.126322682573104,60.78031557840618,11.821478140321155,644.0
2011-07-21,33.444317674727614,59.89627249357326,19.539801412930704,632.0
2011-07-22,35.10000000000001,53.70785922879178,13.196958045553211,562.0
2011-07-23,33.36151617362574,56.995935938303354,12.19138520059301,564.0
2011-07-24,31.623032347251467,60.284012647814905,11.185812355632805,566.0
2011-07-25,29.8845485208772,63.572089357326476,10.180239510672603,568.0
2011-07-26,31.29192568477686,51.49766776349614,17.987420083388344,750.0
2011-07-27,31.457479016014165,43.79706231362468,16.78941225222242,755.0
2011-07-28,31.664457933285647,53.870675475578395,16.433897454334303,606.0
2011-07-29,34.603290335321645,51.59074550128536,16.124248630571795,670.0
2011-07-30,33.499502118473394,51.74583784061698,15.71002823905167,689.6666666666665
2011-07-31,32.39571390162512,51.900930179948595,15.295807847531545,709.3333333333335
2011-08-01,31.29192568477686,52.05602251928021,14.881587456011419,729.0
2011-08-02,31.87138717959064,48.72917737789203,18.386304262720284,801.0
2011-08-03,29.305087026063408,58.01182519280205,13.374073463521952,467.0
2011-08-04,28.2288661956048,63.595372750642674,17.76572265324463,799.0
2011-08-05,28.270242110672523,56.52286056555268,16.87736364584121,1023.0
2011-08-06,29.167084524226947,55.80165233933161,17.05519237600475,964.0
2011-08-07,30.06392693778137,55.08044411311053,17.233021106168287,905.0
2011-08-08,30.960769351335802,54.35923588688946,17.41084983633183,846.0
2011-08-09,31.457479016014165,53.14950447300771,14.482417951801565,907.0
2011-08-10,31.04357085243768,44.983566169665814,17.987420083388344,884.0
2011-08-11,28.60139844411357,44.96028277634962,15.457872378190016,812.0
2011-08-12,28.146064694502915,44.471722365038566,12.663471855062596,1051.0
2011-08-13,27.442392669541906,50.00097922879178,14.644886692703755,959.0
2011-08-14,26.738720644580887,55.530236092544996,16.626301530344914,867.0
2011-08-15,26.035048619619875,61.0594929562982,18.60771636798607,775.0
2011-08-16,27.773532445994142,53.59149809768637,20.56040850124997,721.0
2011-08-17,28.891129191520466,53.42868185089974,13.950715041797947,668.0
2011-08-18,28.311667696706692,57.84895311053985,20.33778376525301,639.0
2011-08-19,26.987092033908898,61.66441449871465,13.639782256084805,797.0
2011-08-20,27.097477478389248,56.95716750642674,16.907750745339673,809.0
2011-08-21,27.207862922869612,52.24992051413882,20.17571923459455,821.0
2011-08-22,27.318248367349963,47.5426735218509,23.44368772384941,833.0
2011-08-23,24.793274457923964,46.728424781491,14.171556497307904,1281.0
2011-08-24,26.407580868128644,55.08046272493572,21.757275032904204,949.0
2011-08-25,26.94571611884119,64.38639393316195,18.741747729388926,435.0
2011-08-26,27.732156530926428,63.8047557840617,9.691920248356698,768.0
2011-08-27,26.68355275782394,59.95830570694088,11.495708460956175,755.0
2011-08-28,25.63494898472145,56.11185562982006,13.299496673555655,742.0
2011-08-29,24.586345211618962,52.26540555269924,15.103284886155135,729.0
2011-08-30,24.710522627788553,51.91643383033418,12.619745817521384,775.0
2011-08-31,25.579764540975685,54.68498005141389,9.647038645059908,688.0
2011-09-01,25.4969630398738,56.98819341902313,13.817254330150945,783.0
2011-09-02,24.917451874093555,61.89702508997429,13.684078943381861,875.0
2011-09-03,23.634289379588324,64.12868529562982,17.322220796127983,707.25
2011-09-04,22.35112688508309,66.36034550128535,20.960362648874106,539.5
2011-09-05,21.06796439057786,68.59200570694088,24.598504501620226,371.75
2011-09-06,19.78480189607263,70.82366591259641,28.236646354366346,204.0
2011-09-07,22.72368396907509,72.50576544987146,10.623384711691855,118.0
2011-09-08,24.449551369966546,73.76105861182519,17.451722625093847,153.0
2011-09-09,25.248608207534623,71.43562272493573,12.574878480468488,417.0
2011-09-10,25.155028106709214,67.60636997429305,11.731600803776406,508.0
2011-09-11,25.061448005883808,63.77711722365038,10.88832312708432,599.0
2011-09-12,24.96786790505841,59.947864473007705,10.045045450392237,690.0
2011-09-13,25.28998412260233,61.08277634961439,13.817824979906785,701.0
2011-09-14,26.407580868128644,60.22196082262211,15.63648575176783,647.0
2011-09-15,21.64746313861649,60.89667670951157,23.04394756988372,428.0
2011-09-16,16.266458328256377,54.26621398457583,15.414146340648804,742.0
2011-09-17,17.591017434065346,56.11963537275064,15.11833577346541,725.0
2011-09-18,18.915576539874312,57.97305676092545,14.822525206282013,708.0
2011-09-19,20.24013564568328,59.826478149100254,14.526714639098618,691.0
2011-09-20,20.86102272653124,70.50501285347045,13.329206126469062,438.0
2011-09-21,22.516705051803626,71.55192802056555,10.57940188176051,539.0
2011-09-22,24.17238737707601,71.66823331619537,12.842085228640414,555.0
2011-09-23,23.220393633753467,75.6,9.29276501039074,258.0
2011-09-24,23.882673186657954,73.28902550128534,10.061556249994533,400.0
2011-09-25,24.54495273956244,70.97805100257071,10.83034748959833,542.0
2011-09-26,25.20723229246693,68.66707650385604,11.59913872920212,684.0
2011-09-27,24.586345211618962,70.73767928020565,12.132054269936898,477.0
2011-09-28,24.50354371051708,68.69035989717224,14.304660552857506,480.0
2011-09-29,23.59292588226223,60.3383219537275,16.034727950124445,653.0
2011-09-30,20.985200142700826,57.453470437018005,18.43088627489525,830.0
2011-10-01,18.004942154630648,59.562804421593846,15.503234278364635,663.3333333333334
2011-10-02,15.024684166560471,61.67213840616967,12.575582281834025,496.66666666666674
2011-10-03,12.044426178490289,63.781472390745506,9.647930285303408,330.0
2011-10-04,17.011522825273918,60.943187660668364,18.3865895875982,486.0
2011-10-05,19.702000394970746,57.47675383033419,16.346231385593427,559.0
2011-10-06,17.508232489952285,55.96450580976864,13.329206126469062,639.0
2011-10-07,18.336048817105247,59.5007898200514,5.3,949.0
2011-10-08,19.029381002546547,61.239827583547545,7.4515332574057425,878.5
2011-10-09,19.72271318798784,62.97886534704371,9.603066514811488,808.0
2011-10-10,20.416045373429128,64.71790311053985,11.754599772217231,737.5
2011-10-11,21.109377558870424,66.456940874036,13.906133029622975,667.0
2011-10-12,19.950355227309924,71.90089974293059,21.40361484672257,217.0
2011-10-13,22.226974304396734,71.36582838046273,13.816612349175625,290.0
2011-10-14,20.3228874758187,61.29215938303342,19.67262014360239,529.0
2011-10-15,20.046948700101048,58.74853706940874,18.519336987050398,590.3333333333334
2011-10-16,19.77100992438339,56.204914755784074,17.366053830498416,651.6666666666666
2011-10-17,19.495071148665733,53.661292442159386,16.212770673946427,713.0
2011-10-18,19.41226964756385,60.47791064267352,11.555412691660905,637.0
2011-10-19,19.8711797067602,71.28486694087404,21.060440349804484,254.0
2011-10-20,16.597564990730973,56.82532133676092,33.82416343867054,471.0
2011-10-21,14.196818168441036,53.358887506426754,19.49521940075573,676.0
2011-10-22,14.790104748921694,57.04246550128536,17.055596586248473,683.6666666666666
2011-10-23,15.383391329402356,60.72604349614397,14.615973771741205,691.3333333333335
2011-10-24,15.97667790988302,64.40962149100257,12.176350957233947,699.0
2011-10-25,16.390635744425968,56.080866940874046,15.590691108861694,695.0
2011-10-26,17.011522825273918,61.52482580976863,14.30558785871075,404.0
2011-10-27,16.307834243324088,66.68960730077121,17.809448690785846,240.0
2011-10-28,9.395274852894703,54.01026416452443,20.07178964781224,456.0
2011-10-29,9.54705276943159,56.19715362467867,17.144142406696258,424.66666666666674
2011-10-30,9.698830685968476,58.384043084832896,14.216495165580275,393.33333333333326
2011-10-31,9.850608602505364,60.570932544987144,11.288847924464294,362.0
2011-11-01,12.872242505643252,59.47750642673522,13.373217488888194,410.0
2011-11-02,11.713269845049224,61.43174807197943,9.558473802953591,370.0
2011-11-03,13.244774754152026,60.501138200514134,13.462096188360224,318.0
2011-11-04,12.996419921812839,56.05758354755784,23.089100231814534,470.0
2011-11-05,12.858450533954013,58.59344473007712,17.98763407704678,437.66666666666674
2011-11-06,12.720481146095187,61.1293059125964,12.886167922279027,405.33333333333326
2011-11-07,12.582511758236361,63.66516709511568,7.784701767511277,373.0
2011-11-08,13.244774754152026,61.594620154241646,8.627301797618301,376.0
2011-11-09,12.830866590575544,63.641883701799486,8.139274993302264,305.0
2011-11-10,11.837447261218815,66.71283485861183,17.189152406188118,190.0
2011-11-11,13.700108503762676,63.55464077120823,19.28502412975316,291.25
2011-11-12,15.562769746306538,60.39644668380463,21.3808958533182,392.5
2011-11-13,17.4254309888504,57.23825259640103,23.476767576883244,493.75
2011-11-14,19.288092231394266,54.08005850899743,25.572639300448287,595.0
2011-11-15,19.288092231394266,59.756683804627244,17.942838071213373,449.0
2011-11-16,15.645571247408428,73.22699228791774,13.462952162993984,145.0
2011-11-17,9.933410103607244,53.451909408740356,25.48461657561002,139.0
2011-11-18,6.580619867028292,44.19254498714653,15.724437145386624,245.0
2011-11-19,9.450492410618116,53.49845758354756,14.999735732543394,236.66666666666663
2011-11-20,12.320364954207944,62.8043701799486,14.275034319700165,228.33333333333331
2011-11-21,15.190237497797769,72.11028277634962,13.550332906856935,220.0
2011-11-22,13.65873258869497,75.04164524421594,12.176350957233947,69.0
2011-11-23,14.859081164356706,63.61865614395885,27.65757951462803,112.0
2011-11-24,13.22408679661817,60.4313717737789,19.207355131422407,603.5
2011-11-25,11.589092428879635,57.24408740359897,10.75713074821678,1095.0
2011-11-26,13.716301238831193,59.09211136246787,11.78492326804499,814.3333333333333
2011-11-27,15.843510048782749,60.940135321336754,12.812715787873199,533.6666666666666
2011-11-28,17.97071885873431,62.78815928020566,13.840508307701409,253.0
2011-11-29,15.728323077543838,67.68995568123394,22.112789830792327,96.0
2011-11-30,9.105544105487816,55.54573974293059,23.044803544517478,188.0
2011-12-01,8.484657024639862,50.590341285347044,19.40691135103954,182.0
2011-12-02,8.567458525741747,56.24368318766066,10.889678420254441,268.0
2011-12-03,9.754031686703067,59.98931300771208,9.973174491351548,256.3333333333333
2011-12-04,10.940604847664382,63.73494282776349,9.056670562448652,244.66666666666663
2011-12-05,12.127178008625705,67.48057264781491,8.14016663354576,233.0
2011-12-06,15.935301994815312,74.32041840616967,20.293201753078037,126.0
2011-12-07,13.327576255253902,75.48369470437018,22.68936007784884,50.0
2011-12-08,6.166662032485345,53.68457583547557,20.826402618690725,150.0
2011-12-09,7.408436194181254,60.1521664781491,9.603055815128565,261.0
2011-12-10,6.53919428099412,59.686870848329036,9.144950079677052,221.66666666666663
2011-12-11,5.669952367806983,59.22157521850898,8.686844344225541,182.3333333333333
2011-12-12,4.800710454619847,58.756279588688926,8.228738608774028,143.0
2011-12-13,6.994528030604773,54.24293059125964,13.728375630678912,155.0
2011-12-14,8.733011856979045,58.36079691516709,8.051002609195812,178.0
2011-12-15,13.948463336101856,56.70901604113111,22.822535464617925,181.0
2011-12-16,11.589092428879635,49.24102118251928,22.289905248761066,178.0
2011-12-17,9.960994046985716,51.79238601542416,20.205155251166605,205.33333333333331
2011-12-18,8.332895665091801,54.34375084832905,18.120405253572148,232.66666666666663
2011-12-19,6.704797283197883,56.89511568123393,16.035655255977687,260.0
2011-12-20,12.127178008625705,54.54539136246787,8.094692981127286,216.0
2011-12-21,14.238194083508748,69.2254312596401,19.495504725633648,107.0
2011-12-22,13.989839251169569,63.595372750642674,7.074956133685678,227.0
2011-12-23,11.506290927777753,59.61709511568124,23.265074350271593,163.0
2011-12-24,10.906104222205267,60.68145886889461,21.73509102364594,148.0
2011-12-25,10.305917516632784,61.74582262210797,20.20510769702029,133.0
2011-12-26,9.7057308110603,62.810186375321344,18.675124370394638,118.0
2011-12-27,9.105544105487816,63.87455012853471,17.14514104376898,103.0
2011-12-28,7.820556202964891,49.43622200514139,24.671369342319004,255.0
2011-12-29,5.297420119298209,53.358887506426754,12.220576313311524,254.0
2011-12-30,8.443281109572156,56.84860473007711,13.285194764049926,491.0
2011-12-31,6.435742075583232,54.120804447300756,17.410528845844173,390.5
2012-01-01,4.428203041594308,51.393004164524406,21.535862927638416,290.0
2012-01-02,2.420664007605384,48.66520388174806,25.661197009432662,189.5
2012-01-03,0.41312497361646017,45.93740359897172,29.786531091226905,89.0
2012-01-04,-1.697891101266583,44.44843897172237,16.877648970719132,95.0
2012-01-05,6.166662032485345,50.56711372750643,12.974903959312098,140.0
2012-01-06,9.560877855098473,51.56746210796915,15.679855133211653,307.0
2012-01-07,7.739609084611143,54.53761161953728,14.0390468685873,240.0
2012-01-08,5.918340314123809,57.5077611311054,12.398238603962946,173.0
2012-01-09,4.097071543636478,60.47791064267352,10.757430339338594,106.0
2012-01-10,8.295708668196214,57.39886334190231,17.081085608675977,173.0
2012-01-11,6.580619867028292,68.62056555269922,13.06292668415037,92.0
2012-01-12,11.961624677388409,66.13125254498715,16.61136952840044,269.0
2012-01-13,6.580619867028292,49.636503856041145,30.67367746789916,174.0
2012-01-14,7.808436487146738,52.548142442159396,30.156918448376594,162.25
2012-01-15,9.036253107265184,55.459781028277646,29.64015942885403,150.5
2012-01-16,10.264069727383633,58.3714196143959,29.123400409331456,138.75
2012-01-17,11.49188634750208,61.283058200514134,28.60664138980889,127.0
2012-01-18,8.029323275029208,46.053708894601534,33.33582991011074,109.0
2012-01-19,2.3999636323299143,49.078149100257065,19.40691135103954,130.0
2012-01-20,3.7659152101954128,46.42596401028278,18.165177482332407,115.0
2012-01-21,3.779707181884648,55.010668380462725,15.976688114540925,125.0
2012-01-22,3.793499153573885,63.595372750642674,13.788198746749439,135.0
2012-01-23,3.80729112526312,72.18007712082262,11.599709378957956,145.0
2012-01-24,9.974786018674957,67.96913305912597,12.531223774146753,439.0
2012-01-25,7.574039196385021,57.24408740359897,15.192163585627165,467.0
2012-01-26,9.933410103607244,64.27003280205656,8.938184651477806,244.0
2012-01-27,14.07264075227145,62.68804627249357,28.145627718309914,269.0
2012-01-28,11.492515513077338,56.35226457583548,25.128911561136626,221.33333333333331
2012-01-29,8.912390273883227,50.01648287917739,22.112195403963327,173.66666666666669
2012-01-30,6.332265034689112,43.68070118251929,19.09547924679004,126.0
2012-01-31,12.33415692589718,44.56480010282776,22.378498623355174,324.0
2012-02-01,16.266458328256377,49.65978724935732,17.189152406188118,304.0
2012-02-02,12.789490675507832,58.87264071979435,17.05504971356579,190.0
2012-02-03,8.52603293970757,50.706702416452465,16.435110085065464,310.0
2012-02-04,8.017336015121636,52.48426200514141,15.847911486306437,275.3333333333333
2012-02-05,7.508639090535701,54.26182159383035,15.260712887547408,240.66666666666669
2012-02-06,6.999942165949768,56.03938118251929,14.67351428878838,206.0
2012-02-07,10.554297184455196,49.00835475578406,14.215496528507558,199.0
2012-02-08,5.71137795384116,61.66441449871465,13.241254732850267,109.0
2012-02-09,6.125286117417637,52.684171619537274,17.543668567003515,163.0
2012-02-10,6.911726529502889,51.45115681233934,12.043460895342786,227.0
2012-02-11,5.945907700513457,49.05488431876607,13.240731637240748,182.66666666666663
2012-02-12,4.980088871524027,46.65861182519279,14.43800237913871,138.33333333333331
2012-02-13,4.014270042534594,44.26233933161953,15.635273121036672,94.0
2012-02-14,8.815813358080929,49.70629820051415,13.773242967731807,135.0
2012-02-15,10.264516766081844,50.96259640102828,16.656522190331255,141.0
2012-02-16,8.691635941911338,63.33947876606685,10.224229473725897,74.0
2012-02-17,10.01616193374266,56.73224359897172,18.38601893784236,349.0
2012-02-18,9.326890349810112,56.17060850899743,18.383718506014127,302.5
2012-02-19,8.637618765877566,55.60897341902313,18.381418074185905,256.0
2012-02-20,7.948347181945017,55.04733832904884,18.37911764235767,209.5
2012-02-21,7.259075598012471,54.485703239074546,18.376817210529442,163.0
2012-02-22,12.623887673304068,53.0099157840617,20.4278750954562,394.0
2012-02-23,15.521393831238832,52.26540555269924,17.32082983734812,516.0
2012-02-24,13.203398839084313,62.478663239074535,20.64871655096616,246.0
2012-02-25,12.527327314490595,57.88774015424164,21.37310886185831,248.33333333333331
2012-02-26,11.851255789896875,53.29681706940874,22.097501172750462,250.66666666666663
2012-02-27,11.175184265303157,48.70589398457585,22.82189348364261,253.0
2012-02-28,10.802652016794383,43.401523804627246,17.49944321092594,229.0
2012-02-29,10.066577964707507,66.23544154241645,16.479406772362516,65.0
2012-03-01,17.094274655409336,55.662100874035985,19.894032248868186,325.0
2012-03-02,10.512871598421023,57.98854179948586,14.038951760294658,246.0
2012-03-03,8.691602827933693,55.18126437017994,16.035132160368168,231.66666666666663
2012-03-04,6.87033405744636,52.37398694087403,18.03131256044168,217.33333333333331
2012-03-05,5.049065286959029,49.56670951156812,20.027492960515186,203.0
2012-03-06,5.794129783976572,46.79821912596401,18.03143144580748,221.0
2012-03-07,13.037845507847015,49.96219218508998,28.367610473331556,432.0
2012-03-08,19.163914815224672,52.9866323907455,35.2,486.0
2012-03-09,13.368952170321613,44.02967290488432,33.29096257305784,447.0
2012-03-10,14.293395084243338,45.557405964010286,28.367039823575713,577.3333333333334
2012-03-11,15.217837998165061,47.08513902313625,23.443117074093582,707.6666666666667
2012-03-12,16.142280912086786,48.612872082262214,18.519194324611444,838.0
2012-03-13,21.02657605776853,55.778406169665814,20.60470518854702,762.0
2012-03-14,21.399108306277302,49.61322046272493,11.910285508573699,997.0
2012-03-15,20.65404380925976,53.661292442159386,14.394109902085376,1005.0
2012-03-16,14.610726332017519,68.318104781491,11.776896128146177,548.0
2012-03-17,16.418203130815616,66.20877079691516,12.944944847130516,692.6666666666665
2012-03-18,18.22567992961371,64.09943681233932,14.112993566114858,837.3333333333333
2012-03-19,20.033156728411807,61.990102827763494,15.281042285099197,982.0
2012-03-20,20.819597140497066,66.41042992287917,12.353181050324773,1051.0
2012-03-21,19.370893732496146,67.15488431876607,10.091075486322655,1122.0
2012-03-22,20.488490478022467,67.71323907455013,12.0886135572736,1334.0
2012-03-23,22.847861385244695,60.059144575835475,11.998593558289896,1820.0
2012-03-24,20.267719589061763,56.03433737789203,18.430791166602614,1478.333333333333
2012-03-25,17.687577792878823,52.00953017994858,24.86298877491533,1136.6666666666665
2012-03-26,15.107435996695886,47.98472298200514,31.29518638322805,795.0
2012-03-27,9.022742604385927,37.49228791773778,17.05540636966319,531.0
2012-03-28,17.011522825273918,48.17082262210797,24.508020849709894,674.0
2012-03-29,17.508232489952285,45.82109830334189,26.50379703953968,834.0
2012-03-30,11.340737596540446,53.731086786632396,13.55126021271017,796.0
2012-03-31,12.398944423160055,52.307561336760934,17.690182891815347,933.3333333333335
2012-04-01,13.457151249779669,50.88403588688946,21.829105570920525,1070.6666666666667
2012-04-02,14.515358076399277,49.460510437018,25.9680282500257,1208.0
2012-04-03,16.142280912086786,43.44809059125964,10.845381732957382,1348.0
2012-04-04,19.86760339717451,47.519390128534695,16.611940178156278,1058.0
2012-04-05,14.569350416949813,42.191792390745505,19.362044013986644,1192.0
2012-04-06,12.996419921812839,42.35460863753214,25.1298150899167,1807.0
2012-04-07,14.417572500412927,41.2456602570694,26.504320135149204,1506.333333333333
2012-04-08,15.838725079013017,40.13671187660669,27.878825180381714,1205.6666666666665
2012-04-09,17.259877657613107,39.02776349614396,29.25333022561421,905.0
2012-04-10,15.148861582730055,45.588431876606684,21.490995590585516,819.0
2012-04-11,10.282547326909668,47.518385089974295,24.765027233496184,482.0
2012-04-12,12.706689174405957,47.33329048843189,24.419427475115786,663.0
2012-04-13,14.941882665458586,44.09946724935733,14.79270875653939,1252.0
2012-04-14,17.00115401102376,43.84938015424165,16.899797314367653,1186.25
2012-04-15,19.060425356588933,43.59929305912597,19.006885872195927,1120.5
2012-04-16,21.119696702154116,43.34920596401029,21.113974430024196,1054.75
2012-04-17,23.178968047719287,43.09911886889461,23.22106298785246,989.0
2012-04-18,15.97667790988302,53.0797101285347,15.680140458089568,347.0
2012-04-19,17.71516173625729,55.499228791773774,8.405582968108742,846.0
2012-04-20,19.122538900156965,60.08237213367609,14.393253927451616,1340.0
2012-04-21,15.728356191521485,61.42398694087403,18.046006791654552,958.3333333333333
2012-04-22,12.334173482886,62.765601748071965,21.698759655857483,576.6666666666666
2012-04-23,8.939990774250518,64.10721655526991,25.35151252006041,195.0
2012-04-24,13.493129586491206,46.658630437018004,21.49156624034136,518.0
2012-04-25,16.638990576765153,45.19294920308485,12.176350957233947,655.0
2012-04-26,17.71516173625729,63.548861799485856,16.301649373418456,475.0
2012-04-27,15.686947162476132,43.68070118251929,28.499858554247393,1014.0
2012-04-28,15.797332606956484,46.82920781491004,24.315212563455557,897.6666666666665
2012-04-29,15.90771805143684,49.97771444730078,20.13056657266373,781.3333333333335
2012-04-30,16.018103495917195,53.12622107969153,15.945920581871901,665.0
2012-05-01,23.42732288005847,58.12813048843189,14.837290768714368,653.0
2012-05-02,20.985200142700826,65.80550838046273,13.55061823173485,667.0
2012-05-03,20.778221225429355,64.20023845758355,13.239471452363276,764.0
2012-05-04,24.131011462008306,62.362357943444735,15.32533897239625,1069.0
2012-05-05,22.640882467973213,61.036265398457594,16.93702032239962,1048.6666666666667
2012-05-06,21.150753473938124,59.71017285347043,18.548701672402988,1028.3333333333333
2012-05-07,19.660624479903035,58.384080308483284,20.160383022406357,1008.0
2012-05-08,21.854442055887965,59.59381172236505,24.818882304203548,738.0
2012-05-09,21.52328572244689,62.85091835475579,19.13970460286761,620.0
2012-05-10,18.087693984766066,52.12581686375322,26.105269516305146,1026.0
2012-05-11,19.45364556263156,41.424054601542416,20.60377788269378,1319.0
2012-05-12,20.115925115536047,49.4116171722365,20.027302743929912,993.3333333333333
2012-05-13,20.77820466844053,57.39917974293059,19.450827605166033,667.6666666666666
2012-05-14,21.440484221345013,65.38674231362468,18.87435246640216,342.0
2012-05-15,23.344571049923054,65.6659196915167,14.216423834360794,625.0
2012-05-16,24.586345211618962,60.268527609254505,12.441703093699402,991.0
2012-05-17,22.43390355070173,50.33444730077121,20.071504322934324,1242.0
2012-05-18,20.985200142700826,50.52054694087404,13.462096188360224,1521.0
2012-05-19,21.550886222814192,55.87920781491002,15.753896939031847,1224.0
2012-05-20,22.116572302927562,61.23786868894603,18.04569768970347,927.0
2012-05-21,22.682258383040924,66.596529562982,20.337498440375093,630.0
2012-05-22,23.51012438116035,64.06064976863753,12.131768945058976,819.0
2012-05-23,23.84128071460141,64.5492101799486,10.978557119726467,766.0
2012-05-24,25.4969630398738,61.31544277634961,16.035655255977687,1059.0
2012-05-25,26.73873720156972,63.013734601542396,13.728375630678912,1417.0
2012-05-26,27.26649122029048,62.14130529562981,16.48978546479685,1282.75
2012-05-27,27.79424523901124,61.268875989717216,19.25119529891479,1148.5
2012-05-28,28.321999257732,60.39644668380462,22.012605133032718,1014.25
2012-05-29,28.84975327645276,59.52401737789203,24.77401496715066,880.0
2012-05-30,25.579764540975685,58.709768637532136,13.284624114294086,745.0
2012-05-31,26.73873720156972,48.82225511568123,17.632261941597623,1100.0
2012-06-01,25.45558712480609,63.47906745501285,20.648431226088235,533.0
2012-06-02,24.517352239195127,58.48488195372751,21.7723734743608,712.3333333333335
2012-06-03,23.57911735358417,53.49069645244216,22.89631572263336,891.6666666666667
2012-06-04,22.640882467973213,48.496510951156814,24.020257970905927,1071.0
2012-06-05,19.826177811140333,55.54573974293059,18.652013055283128,968.0
2012-06-06,20.488490478022467,55.42943444730078,9.204193035162476,1027.0
2012-06-07,22.8892373003124,52.963348997429314,14.926740117942236,1038.0
2012-06-08,25.20723229246693,47.42636822622109,16.213055998824345,1488.0
2012-06-09,26.393805453428243,49.65978724935735,16.98176877408671,1331.0
2012-06-10,27.58037861438956,51.89320627249357,17.75048154934908,1174.0
2012-06-11,28.766951775350872,54.126625295629815,18.519194324611444,1017.0
2012-06-12,25.41416153877192,67.82954437017995,19.006600547318005,477.0
2012-06-13,25.538338954941512,53.80088113110539,28.18928242463165,1173.0
2012-06-14,25.165806706432747,53.10293768637532,21.801857045079174,1180.0
2012-06-15,24.710522627788553,54.21964719794345,16.301078723662616,1563.0
2012-06-16,23.537724881527645,57.724886683804634,16.256591819780287,1259.6666666666667
2012-06-17,22.364927135266733,61.230126169665816,16.212104915897946,956.3333333333335
2012-06-18,21.192129389005828,64.73536565552699,16.167618012015613,653.0
2012-06-19,27.152645365146192,59.826478149100254,14.261005846535776,968.0
2012-06-20,31.83001126452293,54.35923588688946,11.821121484223752,872.0
2012-06-21,32.988983925116955,53.0099157840617,12.175994301136553,778.0
2012-06-22,31.581656432183753,53.335604113110534,16.745115564925367,964.0
2012-06-23,30.56063660245973,52.040537480719784,19.539896521223344,1022.3333333333335
2012-06-24,29.53961677273571,50.74547084832907,22.334677477521325,1080.6666666666667
2012-06-25,28.51859694301169,49.45040421593831,25.129458433819302,1139.0
2012-06-26,24.2965647932456,42.145225604113115,28.50050053522272,1077.0
2012-06-27,27.60797911475685,41.40077120822622,23.08881490693661,1077.0
2012-06-28,30.17432893925055,44.89048843187661,15.946776556505654,921.0
2012-06-29,34.396361089016644,48.58958868894603,15.50216906548707,829.0
2012-06-30,33.527119175829505,47.814089768637544,16.211914699312672,854.0
2012-07-01,32.65787726264237,47.038590848329065,16.921660333138266,879.0
2012-07-02,31.788635349455234,46.26309192802057,17.631405966963865,904.0
2012-07-03,31.74720976342105,48.77568832904886,12.70741188626225,1052.0
2012-07-04,32.90620725949831,47.821850899742934,15.125254901754966,1228.5
2012-07-05,34.065204755575564,46.86801347043702,17.543097917247678,1405.0
2012-07-06,34.10658067064328,46.47247496143959,14.127259810010848,1366.0
2012-07-07,32.16113448398636,50.79972431876607,14.95548659939266,1243.3333333333333
2012-07-08,30.21568829732944,55.12697367609255,15.783713388774467,1120.6666666666667
2012-07-09,28.270242110672523,59.45422303341903,16.611940178156278,998.0
2012-07-10,28.766951775350872,58.57017994858612,14.52635798300122,954.0
2012-07-11,28.560022529045874,56.66244925449871,14.5260726581233,975.0
2012-07-12,28.51859694301169,50.86951866323908,14.172412471941662,1032.0
2012-07-13,29.305087026063408,48.42671660668382,9.469901827725325,1511.0
2012-07-14,29.829380634120245,51.38910498714654,11.451411773659125,1370.0
2012-07-15,30.353674242177085,54.351493367609265,13.432921719592922,1229.0
2012-07-16,30.877967850233922,57.31388174807198,15.414431665526722,1088.0
2012-07-17,33.609871005964926,49.543426118251936,11.865132846642885,921.0
2012-07-18,32.368096844269004,53.521703753213366,13.506678200535195,799.0
2012-07-19,31.209124183674984,54.82456874035989,15.503025040120828,888.0
2012-07-20,26.035048619619875,68.4344659125964,18.60864367383932,747.0
2012-07-21,27.290631309993838,65.64269213367609,16.937495863862825,876.3333333333335
2012-07-22,28.546214000367804,62.850918354755784,15.266348053886327,1005.6666666666667
2012-07-23,29.801796690741767,60.059144575835475,13.595200243909831,1135.0
2012-07-24,30.25708076938596,57.87223650385605,18.78604441668597,1140.0
2012-07-25,28.93255477755464,46.42596401028278,15.458157703067934,1383.0
2012-07-26,31.54028051711604,54.61518570694088,24.01883134651633,1036.0
2012-07-27,31.788635349455234,54.49882457583546,14.615878663448573,1259.0
2012-07-28,30.94697737964657,55.87920781491002,14.630739334173565,1186.0
2012-07-29,30.1053194098379,57.259591053984565,14.645600004898554,1113.0
2012-07-30,29.263661440029235,58.63997429305913,14.660460675623549,1040.0
2012-07-31,28.39441952684209,60.61749933161954,15.502739715242909,968.0
2012-08-01,28.60139844411357,59.12853470437018,13.773242967731807,1074.0
2012-08-02,30.339882270487838,58.12813048843189,12.929751297381284,983.0
2012-08-03,31.002145266403502,57.17429305912596,19.09547924679004,1328.0
2012-08-04,30.78139093443161,57.39143722365038,17.040236596987118,1296.3333333333333
2012-08-05,30.56063660245973,57.60858138817481,14.9849939471842,1264.6666666666667
2012-08-06,30.339882270487838,57.825725552699225,12.929751297381284,1233.0
2012-08-07,29.512016272368413,60.59421593830336,12.041962939733708,1278.0
2012-08-08,30.21570485431825,58.87264071979435,11.59913872920212,1263.0
2012-08-09,30.505435601725143,55.941278251928026,14.837576093592286,1196.0
2012-08-10,28.51859694301169,61.268875989717216,20.737595250438186,1065.0
2012-08-11,28.60138188712475,58.09712318766068,18.298043767150407,1112.3333333333333
2012-08-12,28.684166831237807,54.92537038560411,15.858492283862626,1159.6666666666667
2012-08-13,28.766951775350872,51.75361758354757,13.418940800574848,1207.0
2012-08-14,29.056732193724226,59.64037850899743,15.769019157561598,1128.0
2012-08-15,28.063312864367514,55.89471146529563,15.812745195102815,1198.0
2012-08-16,28.68419994521545,50.2879363496144,13.817254330150945,1338.0
2012-08-17,28.891129191520466,53.17273203084833,20.205535684337168,1483.0
2012-08-18,27.442392669541906,56.21267588688946,17.79513489274353,1330.6666666666667
2012-08-19,25.993656147563343,59.252619742930605,15.384734101149895,1178.3333333333333
2012-08-20,24.544919625584782,62.29256359897173,12.974333309556258,1026.0
2012-08-21,25.20723229246693,58.91915167095114,8.893602639302834,1081.0
2012-08-22,26.11785012072176,59.10525131105399,8.716166230846435,1094.0
2012-08-23,27.52517761365497,56.80203794344473,9.737094309653358,1363.0
2012-08-24,27.856333947096033,55.63881748071979,8.84902062712786,1325.0
2012-08-25,27.870125918785266,57.78693850899742,10.194498621446652,1213.0
2012-08-26,27.883917890474496,59.935059537275066,11.539976615765443,1101.0
2012-08-27,27.89770986216373,62.0831805655527,12.885454610084233,989.0
2012-08-28,29.139484023859648,55.91799485861182,17.32168581198188,935.0
2012-08-29,26.987092033908898,52.12581686375322,11.731957459873804,1177.0
2012-08-30,28.063312864367514,54.26621398457583,9.203600986040788,1172.0
2012-08-31,30.91939343626809,54.10334190231363,15.724437145386624,1433.0
2012-09-01,30.443371729123587,56.441452442159395,16.9332873219135,1291.5
2012-09-02,29.96735002197907,58.77956298200514,18.142137498440377,1150.0
2012-09-03,29.491328314834558,61.117673521850904,19.350987674967254,1008.5
2012-09-04,29.015306607690054,63.455784061696654,20.55983785149413,867.0
2012-09-05,29.55344185840259,62.68804627249357,17.099346400862846,832.0
2012-09-06,27.566603199689144,66.5500186118252,13.86183634232592,611.0
2012-09-07,27.89770986216373,62.40886889460153,15.946491231627741,1045.0
2012-09-08,25.91087120345028,58.08161953727507,18.01668966044829,1069.3333333333333
2012-09-09,23.924032544736818,53.754370179948594,20.08688808926884,1093.6666666666667
2012-09-10,21.93719388602337,49.427120822622115,22.157086518089386,1118.0
2012-09-11,21.64746313861649,50.33444730077121,10.269111077022687,1070.0
2012-09-12,22.72368396907509,53.521703753213366,13.107508696325345,1050.0
2012-09-13,23.385946964990765,56.87183228791774,9.603348273128432,1054.0
2012-09-14,24.4207422094152,58.849357326478135,11.111447181617637,1379.0
2012-09-15,23.551500296228067,60.004835269922864,12.24986966744463,1260.0
2012-09-16,22.682258383040924,61.16031321336761,13.388292153271625,1141.0
2012-09-17,21.81301646985379,62.315791156812345,14.526714639098618,1022.0
2012-09-18,23.92403254473683,70.01645244215939,29.209889512950912,371.0
2012-09-19,20.40568897692058,51.2650571722365,19.0514678843709,788.0
2012-09-20,20.11595822951369,55.82491712082262,12.131768945058976,939.0
2012-09-21,22.72368396907509,58.63997429305913,14.704115381945286,1250.0
2012-09-22,21.316339919153066,55.36740123393317,14.422951491828446,1167.0
2012-09-23,19.90899586923104,52.094828174807205,14.141787601711602,1084.0
2012-09-24,18.501651819309014,48.82225511568123,13.86062371159476,1001.0
2012-09-25,20.281511560750992,53.12622107969153,20.55983785149413,845.0
2012-09-26,24.50354371051708,56.52286056555268,21.136122773672717,787.0
2012-09-27,25.248608207534623,59.87298910025707,13.285551420147323,751.0
2012-09-28,23.71710329843183,59.826478149100254,15.41386101577088,1045.0
2012-09-29,22.088988359549088,59.066501491002576,13.6692230280715,951.0
2012-09-30,20.460873420666353,58.30652483290489,11.924585040372119,857.0
2012-10-01,18.83275848178361,57.546548174807214,10.179947052672738,763.0
2012-10-02,22.309726134532145,69.96994149100257,11.15510188793937,315.0
2012-10-03,25.6211404560434,65.61940874035989,8.449565798040085,728.0
2012-10-04,25.6211404560434,61.66441449871465,12.087472257761927,891.0
2012-10-05,23.51012438116035,56.33676092544986,11.288847924464294,1516.0
2012-10-06,21.419808681552773,58.20958048843186,12.785911893299945,1287.25
2012-10-07,19.3294929819452,60.08240005141387,14.282975862135599,1058.5
2012-10-08,17.23917728233763,61.95521961439589,15.780039830971253,829.75
2012-10-09,15.148861582730055,63.82803917737789,17.277103799806905,601.0
2012-10-10,18.501651819309014,56.52286056555268,17.100273706716088,780.0
2012-10-11,14.569350416949813,47.17041840616968,16.656236865453337,834.0
2012-10-12,14.693527833119404,51.40464586118253,20.472171782753254,1060.0
2012-10-13,16.74935946425668,54.53763023136248,21.921265506488638,960.0
2012-10-14,18.805191095393962,57.670614601542425,23.370359230224015,860.0
2012-10-15,20.86102272653124,60.803598971722366,24.819452953959395,760.0
2012-10-16,16.2250327422222,52.47478858611825,16.70081887762831,922.0
2012-10-17,15.604145661374247,59.989350231362465,10.933689782673575,979.0
2012-10-18,18.91555998288549,61.966819434447295,20.60377788269378,1008.0
2012-10-19,20.94377455666665,66.80591259640103,13.329206126469062,753.0
2012-10-20,19.688208423281502,62.214989511568135,12.05782938065337,778.6666666666665
2012-10-21,18.432642289896364,57.62406642673522,10.786452634837675,804.3333333333335
2012-10-22,17.17707615651122,53.033143341902324,9.515075889021984,830.0
2012-10-23,19.991780813344096,57.12778210796915,10.446839943478953,841.0
2012-10-24,22.14417280329485,56.82532133676092,8.894201821546464,795.0
2012-10-25,20.281511560750992,65.99166385604114,12.574593155590565,875.0
2012-10-26,20.074532643479518,66.36386313624679,13.151805383622401,1182.0
2012-10-27,18.32225684541601,67.72098159383033,18.519075439245643,788.6666666666667
2012-10-28,16.569981047352506,69.07810005141388,23.886345494868888,395.33333333333337
2012-10-29,14.817705249288995,70.43521850899742,29.25361555049213,2.0
2012-10-30,8.76688745611011,67.38967249357326,18.89696446297731,87.0
2012-10-31,10.719850515692496,58.52366899742931,15.591333089837015,419.0
2012-11-01,11.13375867926898,53.77765357326479,14.926454793064316,466.0
2012-11-02,10.595673099522903,50.45075259640103,22.68936007784884,618.0
2012-11-03,10.002386519042243,49.931184884318775,21.979614444023237,538.0
2012-11-04,9.409099938561587,49.4116171722365,21.269868810197643,458.0
2012-11-05,8.815813358080929,48.89204946015424,20.560123176372045,378.0
2012-11-06,6.911726529502889,52.963348997429314,16.07966661839682,466.0
2012-11-07,7.656791026520437,51.86992287917738,25.39516722638215,326.0
2012-11-08,10.455302948284801,39.919902724935724,28.514267460582342,340.0
2012-11-09,10.926829432963974,51.49766776349614,19.007456521951767,709.0
2012-11-10,10.699162558158648,53.201822313624675,21.280925149217037,613.5
2012-11-11,10.471495683353318,54.90597686375322,23.55439377648231,518.0
2012-11-12,10.243828808547988,56.61013141388174,25.827862403747577,422.5
2012-11-13,10.01616193374266,58.314285964010274,28.10133103101285,327.0
2012-11-14,7.325684364045838,52.12581686375322,17.942267421457533,373.0
2012-11-15,8.939990774250518,55.941278251928026,14.615522007351167,320.0
2012-11-16,10.098963434844542,50.590341285347044,15.902194544330685,484.0
2012-11-17,10.6922500153252,52.428259023136256,17.424925863642542,472.33333333333326
2012-11-18,11.28553659580586,54.26617676092547,18.947657182954398,460.66666666666674
2012-11-19,11.878823176286518,56.10409449871466,20.470388502266253,449.0
2012-11-20,11.547716513811928,59.54730077120823,9.603647864250247,534.0
2012-11-21,10.512871598421023,55.56902313624678,11.0674358191985,615.0
2012-11-22,10.885403846929796,54.31272493573265,12.664363495306098,1109.0
2012-11-23,11.257936095438573,53.05642673521851,14.261291171413696,1603.0
2012-11-24,10.347301710194905,52.436038766066844,11.850985488112698,1181.0
2012-11-25,9.436667324951236,51.81565079691517,9.4406798048117,759.0
2012-11-26,8.52603293970757,51.1952628277635,7.030374121510704,337.0
2012-11-27,7.449861780215428,65.22392606683805,20.648359894868754,123.0
2012-11-28,7.698216612554612,49.56670951156812,18.74089175475516,198.0
2012-11-29,6.913564355262201,52.32509367609255,11.943097869534485,243.0
2012-11-30,7.780968442690026,57.56977573264781,7.873566200739412,362.0
2012-12-01,10.333509738505667,59.76442632390745,8.450160224869085,426.33333333333326
2012-12-02,12.886051034321305,61.959076915167074,9.02675424899876,490.6666666666666
2012-12-03,15.438592330136947,64.15372750642672,9.603348273128432,555.0
2012-12-04,16.597564990730973,62.269280205655534,16.123606649596482,551.0
2012-12-05,14.734903748187108,48.38020565552699,26.815585799886584,331.0
2012-12-06,5.669952367806983,49.70629820051415,16.168188661771453,340.0
2012-12-07,8.898565188216342,63.96762786632391,13.018629996853313,349.0
2012-12-08,10.802618902816734,66.96102354755784,14.438311481089789,342.3333333333333
2012-12-09,12.706672617417128,69.95441922879176,15.857992965326268,335.6666666666667
2012-12-10,14.610726332017519,72.9478149100257,17.277674449562745,329.0
2012-12-11,10.512871598421023,54.61518570694088,24.819452953959395,282.0
2012-12-12,7.739592527622317,51.35807907455013,15.325267641176767,310.0
2012-12-13,7.656791026520437,48.42671660668382,16.123606649596482,425.0
2012-12-14,6.9531521155370655,57.197576452442156,13.063497333906211,429.0
2012-12-15,8.802004829402868,62.11418786632391,12.279550587870242,356.66666666666674
2012-12-16,10.650857543268673,67.03079928020566,11.495603841834276,284.33333333333337
2012-12-17,12.499710257134476,71.94741069408741,10.711657095798305,212.0
2012-12-18,13.368952170321613,58.50038560411311,19.49579005051157,433.0
2012-12-19,9.478076353996592,56.22045562982005,16.834279589275315,333.0
2012-12-20,9.353898937827,58.59346334190232,13.151520058744481,314.0
2012-12-21,9.1883456065897,52.381766683804635,30.407968675336317,221.0
2012-12-22,7.609421481498941,56.748789511568134,23.3425495654561,205.33333333333331
2012-12-23,6.0304973564081825,61.11581233933162,16.277130455575882,189.66666666666663
2012-12-24,4.4515732313174246,65.48283516709512,9.211711345695662,174.0
2012-12-25,4.750319259138227,66.37701239074549,17.747048139984773,91.5
2012-12-26,5.049065286959029,67.27118961439588,26.282384934273885,9.0
2012-12-27,5.587200537671569,57.75593120822622,28.67818660294729,247.0
2012-12-28,5.545774951637392,54.24293059125964,14.79270875653939,644.0
2012-12-29,4.924887870789437,54.01028277634962,14.777848085814398,575.6666666666666
2012-12-30,4.304000789941483,53.7776349614396,14.762987415089409,507.33333333333337
2012-12-31,3.683113709093529,53.54498714652957,14.748126744364415,439.0